Date,Open,High,Low,Close,Volume,OpenInterest,macd,signal,histogram,rsi
2006-01-02,1789.36,1802.98,1789.36,1802.16,1647940,0.0,,,,
2006-01-03,1802.04,1819.21,1800.92,1807.17,5544260,0.0,,,,
2006-01-04,1807.62,1826.23,1807.62,1826.23,5175580,0.0,,,,
2006-01-05,1826.1,1830.82,1821.58,1825.12,4322520,0.0,,,,
2006-01-06,1825.27,1833.5,1823.83,1833.5,4161120,0.0,,,,
2006-01-09,1833.55,1843.0,1833.55,1835.89,4362070,0.0,,,,
2006-01-10,1835.62,1835.62,1819.38,1822.47,4847190,0.0,,,,
2006-01-11,1822.86,1837.16,1822.86,1834.3,4497830,0.0,,,,
2006-01-12,1833.58,1838.0,1828.5,1835.1,4443160,0.0,,,,
2006-01-13,1835.14,1835.14,1809.03,1814.62,5916910,0.0,,,,
2006-01-16,1814.36,1824.55,1810.52,1822.2,2732960,0.0,,,,
2006-01-17,1819.78,1819.78,1803.27,1805.04,5559590,0.0,,,,
2006-01-18,1804.67,1804.67,1775.08,1785.08,8661290,0.0,,,,
2006-01-19,1786.1,1798.67,1786.1,1796.61,6440530,0.0,,,,
2006-01-20,1796.58,1806.18,1775.4,1775.4,9629410,0.0,,,,41.633316658329186
2006-01-23,1775.12,1775.12,1757.54,1772.16,6693690,0.0,,,,40.74433230398435
2006-01-24,1772.39,1776.58,1763.18,1766.34,6094270,0.0,,,,39.128097345748195
2006-01-25,1766.36,1789.0,1766.36,1789.0,7575360,0.0,,,,47.808822231571455
2006-01-26,1789.46,1820.71,1788.99,1820.71,9829570,0.0,,,,57.04117743993109
2006-01-27,1821.68,1842.74,1821.68,1842.74,7621160,0.0,,,,62.06218280977398
2006-01-30,1842.19,1842.82,1832.22,1838.76,4240690,0.0,,,,60.682264572773285
2006-01-31,1838.36,1853.82,1835.84,1845.7,7497400,0.0,,,,62.25810100860393
2006-02-01,1843.08,1864.4,1837.44,1864.12,7338500,0.0,,,,66.13743628665326
2006-02-02,1864.46,1872.57,1838.52,1838.52,8709560,0.0,,,,57.31942912773522
2006-02-03,1838.52,1848.0,1826.38,1839.24,7116080,0.0,,,,57.49109352715164
2006-02-06,1839.44,1852.08,1836.26,1841.16,4075750,0.0,11.600864420421658,,,57.976489052100646
2006-02-07,1841.48,1849.32,1828.1,1840.4,6811510,0.0,11.5682177355352,,,57.6956509949075
2006-02-08,1840.02,1840.02,1818.96,1835.68,6381800,0.0,11.034284090845858,,,55.88509027244108
2006-02-09,1836.17,1863.4,1836.17,1863.4,5657280,0.0,12.701495234284948,,,63.19079850450228
2006-02-10,1862.59,1867.57,1846.32,1847.82,5381790,0.0,12.620119403825129,,,57.43371235301499
2006-02-13,1848.04,1863.73,1842.42,1863.73,5746500,0.0,13.681718175928154,,,61.310154365808536
2006-02-14,1864.08,1872.33,1853.62,1867.24,6725890,0.0,14.637538089388727,,,62.12954253265952
2006-02-15,1866.98,1874.68,1860.2,1864.9,6511960,0.0,15.032923627406262,,,61.199012214663696
2006-02-16,1865.41,1878.24,1865.41,1878.24,5020430,0.0,16.235542796765685,13.23474484160018,3.0007979551655044,64.46636937690998
2006-02-17,1878.67,1888.58,1874.97,1883.85,5323540,0.0,17.44026672949167,14.07584921917848,3.3644175103131886,65.77172995731223
2006-02-20,1883.56,1884.58,1874.94,1883.37,1796850,0.0,18.147098679866986,14.890099111316182,3.2569995685508033,65.54984613116082
2006-02-21,1883.6,1900.39,1883.6,1889.76,5521880,0.0,19.00382344235618,15.712843977524184,3.290979464831995,67.1391588584957
2006-02-22,1889.01,1909.24,1885.53,1909.24,5408570,0.0,21.012438872313624,16.772762956482072,4.239675915831551,71.46152657850703
2006-02-23,1909.78,1915.58,1898.1,1906.64,5733380,0.0,22.139275019746947,17.846065369135047,4.2932096506118995,70.13550664507864
2006-02-24,1906.38,1913.0,1902.78,1913.0,4201590,0.0,23.27717485013204,18.93228726533445,4.344887584797593,71.52730032948944
2006-02-27,1914.5,1920.28,1909.82,1920.28,3411730,0.0,24.484165602141275,20.042662932695812,4.4415026694454625,73.07414989889185
2006-02-28,1920.16,1920.16,1884.62,1887.26,8061680,0.0,22.516717722922067,20.537473890741065,1.9792438321810017,57.74929159411856
2006-03-01,1887.62,1903.17,1886.24,1903.02,5648400,0.0,21.975877159740094,20.825154544540872,1.1507226151992214,61.86051731395738
2006-03-02,1903.65,1910.28,1872.73,1881.86,8229770,0.0,19.613727121238526,20.5828690598804,-0.9691419386418758,54.23050700277409
2006-03-03,1881.98,1887.02,1857.68,1866.98,7519910,0.0,16.3525129643358,19.736797840771484,-3.3842848764356823,49.59769163362425
2006-03-06,1868.79,1883.24,1868.79,1877.04,5072650,0.0,14.413584346086054,18.6721551418344,-4.258570795748344,52.54907575788239
2006-03-07,1875.65,1875.65,1859.96,1872.6,6692670,0.0,12.376035322145754,17.41293117789667,-5.036895855750917,51.12613141137432
2006-03-08,1872.55,1878.58,1851.02,1863.98,8018450,0.0,9.950992237040055,15.920543389725347,-5.969551152685293,48.3867156148255
2006-03-09,1868.3,1882.78,1868.3,1878.8,6622350,0.0,9.119850307261686,14.560404773232616,-5.44055446597093,53.04496576354003
2006-03-10,1877.06,1899.23,1870.76,1899.23,8853560,0.0,9.994484404360946,13.647220699458282,-3.652736295097336,58.59300890808584
2006-03-13,1900.52,1913.72,1900.52,1912.48,6994370,0.0,11.622821837651372,13.242340927096901,-1.6195190894455287,61.749650476083666
2006-03-14,1911.59,1916.74,1904.48,1916.74,10508660,0.0,13.105960033674819,13.215064748412486,-0.1091047147376667,62.73332328896951
2006-03-15,1917.06,1926.66,1917.06,1921.08,11538780,0.0,14.46481805011831,13.46501540875365,0.9998026413646599,63.75594922751523
2006-03-16,1922.08,1923.94,1911.28,1919.86,9631980,0.0,15.26728723052156,13.825469773107233,1.4418174574143272,63.23068381861326
2006-03-17,1920.1,1937.32,1910.25,1916.22,8344570,0.0,15.431645850717814,14.14670498862935,1.2849408620884635,61.60001729394858
2006-03-20,1916.62,1931.98,1916.56,1921.02,3922110,0.0,15.767463620378749,14.47085671497923,1.2966069053995177,62.95667949074787
2006-03-21,1921.24,1924.08,1905.51,1924.08,6556770,0.0,16.094985079567323,14.79568238789685,1.2993026916704729,63.83389698132918
2006-03-22,1920.14,1936.31,1913.7,1934.24,5805110,0.0,16.97865590850938,15.232277092019357,1.746378816490024,66.65719348420812
2006-03-23,1934.61,1939.24,1925.23,1930.06,5087210,0.0,17.144054353879937,15.614632544391473,1.5294218094884648,64.42874943692851
2006-03-24,1929.79,1937.5,1926.72,1935.44,4443610,0.0,17.507439980835215,15.993194031680222,1.5142459491549936,66.00408168756388
2006-03-27,1936.14,1936.14,1913.24,1914.26,5060350,0.0,15.903056184509069,15.975166462245992,-0.07211027773692358,55.57025166364161
2006-03-28,1914.91,1923.26,1899.52,1905.72,6404340,0.0,13.783575361922658,15.536848242181327,-1.7532728802586686,52.00081474854616
2006-03-29,1905.92,1915.35,1899.56,1913.15,5903380,0.0,12.55864223468916,14.941207040682894,-2.3825648059937343,54.725560926039094
2006-03-30,1917.6,1940.84,1917.6,1937.3,6316680,0.0,13.382314089595184,14.629428450465353,-1.2471143608701691,62.23048927019931
2006-03-31,1936.18,1936.18,1920.32,1926.87,5652160,0.0,13.043113245551922,14.312165409482667,-1.2690521639307448,57.77604873368654
2006-04-03,1930.0,1940.56,1928.62,1939.32,4274110,0.0,13.62188052448596,14.174108432483326,-0.5522279079973664,61.33391693745738
2006-04-04,1937.54,1937.54,1921.59,1925.06,4960390,0.0,12.782545708556881,13.89579588769804,-1.1132501791411578,55.559306900870276
2006-04-05,1926.64,1932.91,1917.68,1931.96,5747080,0.0,12.529704519911093,13.62257761414065,-1.0928730942295566,57.63764548167121
2006-04-06,1933.0,1939.85,1924.36,1930.64,6133720,0.0,12.083521770745165,13.314766445461553,-1.2312446747163879,57.08761482264895
2006-04-07,1930.02,1937.3,1911.13,1911.56,7052070,0.0,10.074193157914351,12.666651787952114,-2.592458630037763,49.704116987208195
2006-04-10,1911.18,1921.76,1906.9,1921.76,4919240,0.0,9.198802442358328,11.973081918833358,-2.77427947647503,53.18964571565402
2006-04-11,1920.44,1921.81,1891.0,1894.4,7890730,0.0,6.225561255613911,10.82357778618947,-4.598016530575558,44.31778218477266
2006-04-12,1893.46,1895.58,1876.74,1888.47,8234850,0.0,3.3521037873028945,9.329282986412155,-5.97717919910926,42.65704170173656
2006-04-13,1888.62,1893.76,1877.84,1889.97,4969440,0.0,1.1822769527309447,7.699881779675913,-6.517604826944968,43.23648941021508
2006-04-18,1889.62,1889.62,1874.86,1885.4,6451870,0.0,-0.8957614726768952,5.980753129205351,-6.8765146018822465,41.849002512417925
2006-04-19,1889.23,1912.59,1889.23,1910.48,7220510,0.0,-0.5129623874815934,4.682010025867963,-5.194972413349556,51.11962705863729
2006-04-20,1910.46,1939.14,1910.46,1930.0,8540850,0.0,1.3499481480698705,4.015597650308345,-2.665649502238474,56.88136840599851
2006-04-21,1931.78,1946.18,1931.78,1944.23,6732460,0.0,3.929266110133767,3.998331342273429,-0.06906523213966187,60.533586312898244
2006-04-24,1942.28,1942.28,1929.34,1931.14,4340050,0.0,4.861104785709358,4.170886030960615,0.6902187547487433,55.84745425897819
2006-04-25,1932.32,1944.32,1930.3,1935.54,6044890,0.0,5.8867777675909565,4.514064378286683,1.3727133893042733,57.051016949816756
2006-04-26,1936.84,1946.08,1936.53,1943.5,4953020,0.0,7.258267679120991,5.062905038453545,2.1953626406674456,59.21691550332073
2006-04-27,1944.72,1944.72,1916.05,1932.71,11452280,0.0,7.389340770158697,5.528192184794576,1.8611485853641208,55.1564607328607
2006-04-28,1932.96,1932.96,1916.87,1919.95,6560510,0.0,6.389932613334622,5.700540270502585,0.6893923428320372,50.72670797736517
2006-05-02,1919.62,1932.1,1915.48,1931.12,4944180,0.0,6.425154910827587,5.845463198567586,0.5796917122600007,54.1947587964808
2006-05-03,1932.64,1939.66,1908.8,1910.98,7368700,0.0,4.772919902757167,5.6309545394055025,-0.8580346366483358,47.6786437526431
2006-05-04,1911.28,1921.83,1903.18,1921.54,7442980,0.0,4.266434698112107,5.358050571146824,-1.0916158730347165,51.005025772385046
2006-05-05,1922.66,1937.16,1918.32,1937.16,6599110,0.0,5.067035353183883,5.299847527554236,-0.23281217437035284,55.51061249141709
2006-05-08,1938.87,1948.7,1936.34,1938.76,4693400,0.0,5.764177913673848,5.392713604778158,0.37146430889568993,55.95739529741463
2006-05-09,1939.8,1945.47,1933.18,1945.47,4555380,0.0,6.779954245525914,5.670161732927709,1.1097925125982053,57.868288211879374
2006-05-10,1941.69,1944.89,1931.78,1931.78,4926000,0.0,6.406446195033823,5.817418625348932,0.589027569684891,52.8318365094502
2006-05-11,1932.01,1947.3,1918.34,1918.93,8271950,0.0,5.015732523622091,5.657081405003565,-0.6413488813814734,48.5597065615566
2006-05-12,1914.91,1914.91,1875.22,1875.22,13424760,0.0,0.3821450884861406,4.602094141700079,-4.219949053213939,37.462614434347806
2006-05-15,1873.2,1873.2,1840.48,1855.58,14605180,0.0,-4.819237034067555,2.7178279065465523,-7.5370649406141075,33.73246232370289
2006-05-16,1855.73,1875.06,1846.18,1865.18,11174780,0.0,-8.073661921720031,0.5595299408932353,-8.633191862613266,37.032792034924555
2006-05-17,1867.16,1875.21,1802.6,1802.68,17887180,0.0,-15.517172452823843,-2.6558105378501806,-12.861361914973662,27.448360291456908
2006-05-18,1803.7,1824.77,1779.14,1803.16,21682280,0.0,-21.133858225594167,-6.351420075398978,-14.78243815019519,27.60332914198503
2006-05-19,1804.13,1819.19,1800.84,1812.66,12128720,0.0,-24.53571906493744,-9.98827987330667,-14.547439191630769,30.755776063662424
2006-05-22,1811.18,1811.18,1763.52,1769.88,16416270,0.0,-30.334034889893474,-14.057430876624032,-16.27660401326944,25.393454728394246
2006-05-23,1770.78,1818.7,1770.78,1810.14,13816850,0.0,-31.31956398477473,-17.509857498254174,-13.809706486520557,36.59695951158213
2006-05-24,1808.56,1808.56,1771.46,1787.43,15294210,0.0,-33.54640798806031,-20.717167596215404,-12.829240391844905,33.53755812429674
2006-05-25,1789.68,1817.5,1777.59,1817.5,11291100,0.0,-32.510044651739236,-23.075743007320174,-9.434301644419062,40.61635254970597
2006-05-26,1823.58,1849.9,1823.21,1849.9,10271270,0.0,-28.742978850898226,-24.209190176035783,-4.533788674862443,47.14824044813017
2006-05-29,1848.24,1848.24,1838.51,1839.78,2158090,0.0,-26.271312153932513,-24.621614571615133,-1.6496975823173798,45.466034679295426
2006-05-30,1838.84,1841.65,1790.82,1795.46,12602200,0.0,-27.570931554840627,-25.211477968260233,-2.3594535865803934,38.917263115896255
2006-05-31,1790.9,1820.92,1771.2,1818.58,13969180,0.0,-26.43062274865929,-25.455306924340046,-0.9753158243192424,43.48994758043595
2006-06-01,1817.41,1826.42,1797.64,1824.16,9903870,0.0,-24.790886530156286,-25.322422845503294,0.5315363153470081,44.5684979837908
2006-06-02,1828.22,1844.44,1811.48,1818.44,10679550,0.0,-23.679971982552615,-24.99393267291316,1.3139606903605454,43.648824218094155
2006-06-05,1818.42,1819.3,1796.36,1802.16,6816870,0.0,-23.8384295651133,-24.76283205135319,0.9244024862398881,41.052333898413124
2006-06-06,1799.29,1799.29,1759.93,1764.55,13110070,0.0,-26.69114214899855,-25.14849407088226,-1.5426480781162901,35.76002071802908
2006-06-07,1768.2,1787.84,1756.12,1781.18,12076920,0.0,-27.29539112897669,-25.577873482501147,-1.7175176464755424,39.475481052410814
2006-06-08,1778.44,1778.44,1731.18,1731.18,18618490,0.0,-31.446350972219534,-26.751568980444826,-4.694781991774708,33.24893246558854
2006-06-09,1735.14,1765.85,1735.14,1760.5,10558920,0.0,-32.001247134620826,-27.801504611280027,-4.199742523340799,39.29563388094887
2006-06-12,1759.72,1764.14,1738.53,1740.38,12629950,0.0,-33.67632250818747,-28.976468190661517,-4.699854317525951,36.83009507798385
2006-06-13,1738.16,1738.16,1696.38,1704.01,24814350,0.0,-37.50623828510493,-30.6824222095502,-6.823816075554728,32.82122207215471
2006-06-14,1705.4,1716.86,1689.83,1707.1,22901700,0.0,-39.83296730365737,-32.512531228371635,-7.320436075285734,33.48366373805577
2006-06-15,1711.62,1748.32,1711.62,1746.62,15990240,0.0,-38.04937360248164,-33.61989970319364,-4.4294738992879985,41.43752649628263
2006-06-16,1754.2,1772.14,1729.78,1731.78,15146360,0.0,-37.40217769868309,-34.37635530229153,-3.025822396391561,39.52619326314014
2006-06-19,1734.94,1760.26,1734.94,1745.12,8572670,0.0,-35.40472019344293,-34.58202828052181,-0.8226919129211154,42.11109782630615
2006-06-20,1737.3,1757.42,1726.57,1757.42,8479710,0.0,-32.455091433571624,-34.156640911131774,1.7015494775601496,44.46806730856606
2006-06-21,1759.93,1763.43,1738.11,1763.42,9412950,0.0,-29.2956376595007,-33.18444026080556,3.88880260130486,45.63096391083479
2006-06-22,1771.32,1785.62,1761.86,1772.42,8935270,0.0,-25.768479999934925,-31.701248208631434,5.932768208696508,47.409970948619915
2006-06-23,1772.8,1782.03,1765.0,1775.08,6445640,0.0,-22.499185765233506,-29.86083571995185,7.361649954718345,47.95203869412089
2006-06-26,1777.04,1783.28,1764.3,1767.42,5308620,0.0,-20.292426056960494,-27.94715378735358,7.654727730393088,46.466705608531996
2006-06-27,1770.24,1777.97,1750.36,1753.46,7549380,0.0,-19.445848780598453,-26.246892786002558,6.801044005404105,43.803718347957016
2006-06-28,1751.65,1763.04,1742.36,1753.04,7390950,0.0,-18.594475144923535,-24.716409257786754,6.121934112863219,43.722532362023536
2006-06-29,1759.77,1791.95,1759.77,1791.3,8587990,0.0,-14.66346189594833,-22.705819785419074,8.042357889470743,52.38082595719355
2006-06-30,1796.0,1827.51,1796.0,1824.46,9143210,0.0,-8.771261066740635,-19.918908041683387,11.147646974942752,58.36025916125713
2006-07-03,1824.46,1831.46,1819.54,1831.46,3385250,0.0,-3.496502456201597,-16.63442692458703,13.137924468385432,59.51592061980636
2006-07-04,1832.3,1835.38,1823.02,1835.38,2190590,0.0,0.9886959133796154,-13.1098023569937,14.098498270373316,60.18237537391999
2006-07-05,1828.36,1828.36,1803.9,1809.32,6679190,0.0,2.412612631275124,-10.005319359339936,12.41793199061506,53.837222676178094
2006-07-06,1812.01,1832.77,1812.01,1831.2,6697660,0.0,5.246135841805426,-6.955028319110864,12.20116416091629,57.85492007816892
2006-07-07,1828.5,1835.22,1813.51,1825.66,7305380,0.0,6.9644103133971385,-4.171140592609264,11.135550906006403,56.51374186915642
2006-07-10,1822.71,1835.54,1810.67,1833.26,5536610,0.0,8.837538058223572,-1.5694048624426968,10.40694292066627,57.95374046369373
2006-07-11,1828.28,1828.32,1804.52,1808.89,7380940,0.0,8.260330017181786,0.3965421134821998,7.863787903699587,52.006760793013655
2006-07-12,1816.01,1831.42,1811.13,1815.25,7287070,0.0,8.221317107337882,1.9614971122533362,6.259819995084546,53.35210466890878
2006-07-13,1808.78,1808.78,1776.26,1781.28,11378760,0.0,5.387203663929313,2.6466384225885315,2.7405652413407813,45.94402862351605
2006-07-14,1772.96,1776.02,1754.12,1754.12,9407040,0.0,0.9387420924390426,2.3050591565586336,-1.366317064119591,41.03770851541594
2006-07-17,1756.11,1759.17,1731.38,1749.31,11832320,0.0,-2.9409214418330976,1.2558630368802874,-4.196784478713385,40.218577248979386
2006-07-18,1745.9,1758.16,1737.99,1746.06,9710380,0.0,-6.206288353963146,-0.23656724128839923,-5.969721112674747,39.642795831293405
2006-07-19,1748.74,1792.82,1748.74,1792.82,12477430,0.0,-4.9637548708287795,-1.1820047671964753,-3.7817501036323042,50.600701306925465
2006-07-20,1796.94,1806.24,1790.43,1794.82,9133240,0.0,-3.7741488100159586,-1.7004335757603721,-2.0737152342555865,51.01037935013574
2006-07-21,1790.26,1795.34,1773.12,1778.54,9777460,0.0,-4.097800485333437,-2.1799069576749854,-1.9178935276584514,47.55328288884458
2006-07-24,1779.67,1816.75,1779.67,1816.46,7819840,0.0,-1.279717889239464,-1.9998691439878813,0.7201512547484172,55.17378556771074
2006-07-25,1819.82,1825.87,1810.86,1815.75,7586000,0.0,0.886127083645988,-1.4226698984611075,2.3087969821070953,55.012608869150824
2006-07-26,1817.58,1823.51,1812.54,1820.38,5385830,0.0,2.942260585665963,-0.5496838016356934,3.4919443873016562,55.91698295348062
2006-07-27,1824.64,1840.78,1824.64,1840.78,7980360,0.0,6.147011784277538,0.789655315546953,5.357356468730585,59.7557761453452
2006-07-28,1835.86,1855.7,1829.84,1855.3,7918960,0.0,9.7460959224004,2.5809434369176425,7.165152485482757,62.27395088982464
2006-07-31,1854.41,1855.76,1844.11,1845.94,5258980,0.0,11.708157900446622,4.406386329623439,7.301771570823183,59.68146901876901
2006-08-01,1843.91,1848.26,1816.26,1820.3,7628400,0.0,11.066603519708451,5.738429767640442,5.328173752068009,53.153634593745316
2006-08-02,1827.96,1848.38,1827.96,1848.18,6318790,0.0,12.66189164283719,7.123122142679792,5.538769500157398,58.47256344626692
2006-08-03,1847.93,1851.69,1823.98,1833.96,8381380,0.0,12.633107219159228,8.22511915797568,4.4079880611835485,55.04000266542347
2006-08-04,1838.72,1864.64,1838.72,1859.04,7965680,0.0,14.46727204711351,9.473549735803246,4.993722311310265,59.55019585242151
2006-08-07,1853.74,1853.74,1827.04,1829.52,6537520,0.0,13.38455478072865,10.255750744788326,3.1288040359403233,52.83218165960658
2006-08-08,1836.11,1842.39,1827.26,1834.05,6254190,0.0,12.745109004720916,10.753622396774844,1.9914866079460722,53.69545411589385
2006-08-09,1837.02,1856.11,1825.64,1853.6,8625940,0.0,13.658419476455947,11.334581812711065,2.3238376637448823,57.325435794859956
2006-08-10,1843.32,1843.32,1819.28,1837.72,9656250,0.0,12.951543983069314,11.657974246782715,1.2935697362865994,53.64659189408287
2006-08-11,1841.43,1849.12,1829.55,1837.55,5245720,0.0,12.236566955680246,11.77369278856222,0.4628741671180254,53.60693049386967
2006-08-14,1845.04,1860.2,1845.04,1859.56,4572610,0.0,13.292735188287907,12.077501268507358,1.2152339197805482,57.9423100489034
2006-08-15,1856.24,1886.94,1853.44,1883.19,8092510,0.0,15.85374750513688,12.832750515833265,3.0209969893036153,62.04331808540034
2006-08-16,1883.93,1899.32,1882.72,1895.47,7464200,0.0,18.65917028893432,13.998034470453478,4.661135818480842,64.00747786736817
2006-08-17,1896.0,1900.5,1889.66,1900.05,5896340,0.0,21.00986711055407,15.400400998473597,5.609466112080472,64.74033372896145
2006-08-18,1899.16,1903.74,1891.0,1895.7,6595850,0.0,22.265143912557278,16.773349581290333,5.491794331266945,63.41953154759343
2006-08-21,1895.0,1895.29,1882.69,1888.62,4434450,0.0,22.4301027299382,17.904700211019907,4.525402518918291,61.22997770568487
2006-08-22,1894.28,1898.76,1877.19,1896.28,6867230,0.0,22.914784393357195,18.906717047487366,4.008067345869829,62.7292513648902
2006-08-23,1896.74,1896.74,1876.52,1879.49,5474300,0.0,21.69401037588341,19.464175713166576,2.229834662716833,57.482094426222986
2006-08-24,1880.93,1898.42,1871.63,1890.94,6974010,0.0,21.403728620018,19.85208629453686,1.55164232548114,59.9428766506395
2006-08-25,1892.0,1898.96,1883.1,1890.58,3920380,0.0,20.90366480992384,20.06240199761426,0.84126281230958,59.82563812316731
2006-08-28,1889.4,1905.92,1879.44,1904.28,4029730,0.0,21.36653601500757,20.323228801092924,1.0433072139146446,62.80688586086163
2006-08-29,1905.09,1914.7,1900.02,1903.4,6225920,0.0,21.415491676939155,20.54168137626217,0.8738103006769862,62.486126402849074
2006-08-30,1907.94,1914.7,1904.51,1908.93,5574080,0.0,21.650935666464648,20.763532234302666,0.8874034321619817,63.73936777963082
2006-08-31,1911.85,1914.03,1901.2,1904.35,5779830,0.0,21.223309895677403,20.855487766577617,0.3678221290997854,61.895099445962636
2006-09-01,1904.5,1918.11,1904.5,1910.44,5505190,0.0,21.13222634425506,20.910835482113107,0.22139086214195203,63.41110954978325
2006-09-04,1912.01,1919.65,1912.01,1918.8,1920590,0.0,21.4869360820951,21.02605560210951,0.46088047998559034,65.4435775028355
2006-09-05,1917.91,1917.91,1900.57,1908.88,7260650,0.0,20.72863817205962,20.96657211609953,-0.23793394403991286,61.105989248949996
2006-09-06,1909.06,1909.18,1882.86,1886.1,8293940,0.0,18.081098348846126,20.38947736264885,-2.3083790138027247,52.50056986639552
2006-09-07,1883.4,1883.4,1864.88,1869.85,8804850,0.0,14.50446631243858,19.2124751526068,-4.708008840168219,47.37521666418253
2006-09-08,1873.0,1881.04,1868.16,1875.04,6061240,0.0,11.950985756137015,17.760177273312845,-5.8091915171758295,49.08485955117653
2006-09-11,1872.89,1872.89,1854.9,1871.03,10248540,0.0,9.49431596694194,16.107005012038663,-6.612689045096722,47.79292535093599
2006-09-12,1872.46,1896.36,1864.68,1894.48,16157620,0.0,9.332032616809784,14.752010532992887,-5.419977916183104,55.2162207148488
2006-09-13,1899.93,1905.04,1893.56,1902.78,13732030,0.0,9.760647853978753,13.753737997190061,-3.993090143211308,57.5186465798007
2006-09-14,1904.54,1912.38,1893.35,1898.32,10493530,0.0,9.629441582769687,12.928878714305988,-3.299437131536301,55.8568316287646
2006-09-15,1900.5,1912.58,1894.59,1906.06,10621490,0.0,10.034343318058518,12.349971635056495,-2.3156283169979766,58.118292946311676
2006-09-18,1906.86,1911.96,1895.42,1904.24,5562280,0.0,10.092037346355482,11.898384777316293,-1.8063474309608107,57.37397969975073
2006-09-19,1903.84,1905.62,1885.18,1890.09,9970350,0.0,8.893455318994484,11.297398885651932,-2.403943566657448,51.817622971128436
2006-09-20,1891.08,1921.63,1887.74,1920.66,8508170,0.0,10.291677886515117,11.096254685824569,-0.8045767993094515,60.67770402751825
2006-09-21,1920.1,1933.87,1915.62,1928.57,8357540,0.0,11.900864480595146,11.257176644778685,0.6436878358164613,62.594394108306076
2006-09-22,1919.76,1919.82,1900.32,1906.36,7264560,0.0,11.2542629291695,11.25659390165685,-0.002330972487349925,54.55369263354875
2006-09-25,1907.56,1921.34,1901.24,1911.06,7196810,0.0,10.994341338403956,11.204143389006273,-0.20980205060231683,55.84627963456012
2006-09-26,1919.0,1938.9,1919.0,1936.46,7795190,0.0,12.691618253463503,11.501638361897719,1.189979891565784,62.11710721273101
2006-09-27,1938.78,1949.52,1935.56,1948.09,8797520,0.0,14.80450907576369,12.162212504670913,2.6422965710927766,64.59644186341575
2006-09-28,1946.93,1953.7,1942.66,1947.49,5846480,0.0,16.243332266161588,12.97843645696905,3.264895809192538,64.36240702479272
2006-09-29,1949.04,1960.58,1947.44,1949.7,6515600,0.0,17.361802489223464,13.855109663419935,3.5066928258035297,64.86731125559191
2006-10-02,1951.02,1958.7,1937.88,1946.24,5180410,0.0,17.764230128497275,14.636933756435404,3.1272963720618705,63.35394917870437
2006-10-03,1943.04,1943.04,1929.44,1940.07,7623430,0.0,17.384887337290138,15.18652447260635,2.198362864683787,60.6371982447112
2006-10-04,1942.2,1957.36,1941.69,1957.36,8005050,0.0,18.268822331788442,15.80298404444277,2.4658382873456723,65.14749064776635
2006-10-05,1960.58,1974.74,1960.58,1969.93,7237300,0.0,19.75590732939486,16.59356870143319,3.1623386279616703,68.01672847653751
2006-10-06,1969.64,1975.03,1959.94,1970.16,6595520,0.0,20.71421144627311,17.417697250401176,3.2965141958719357,68.06852834680407
2006-10-09,1966.16,1971.08,1960.9,1969.74,3548470,0.0,21.195455851846646,18.17324897069027,3.022206881156375,67.85241716004734
2006-10-10,1973.28,1981.6,1971.68,1980.34,6492930,0.0,22.176539578699703,18.97390709229216,3.202632486407545,70.40613999733111
2006-10-11,1978.08,1984.86,1969.89,1983.7,6987690,0.0,22.96050501052241,19.77122667593821,3.189278334584202,71.18745322929277
2006-10-12,1983.2,2000.24,1982.22,1999.96,7046300,0.0,24.610158781773407,20.73901309710525,3.871145684668157,74.67231113222482
2006-10-13,2001.14,2004.34,1993.2,1999.54,6272410,0.0,25.58866063922892,21.708942605529984,3.8797180336989356,74.42192069807147
2006-10-16,2000.15,2003.69,1993.76,2000.98,5346060,0.0,26.17855627525023,22.602865339474032,3.5756909357761977,74.73473022042421
2006-10-17,1996.52,1996.66,1973.7,1974.78,9152110,0.0,24.25236560517851,22.93276539261493,1.3196002125635822,60.288085007168576
2006-10-18,1979.14,2003.58,1979.14,1995.69,9612020,0.0,24.13489581403769,23.173191476899483,0.9617043371382081,65.94592933530984
2006-10-19,1993.15,2000.38,1983.99,1993.41,7714900,0.0,23.58593918777001,23.25574101907359,0.3301981686964197,64.86080870434
2006-10-20,1995.93,2008.32,1990.59,1999.1,8282990,0.0,23.340962467044392,23.27278530866775,0.06817715837664196,66.34897159853759
2006-10-23,2000.82,2012.38,1991.01,2009.51,7096590,0.0,23.71346261499957,23.360920769934115,0.35254184506545627,68.94061204574339
2006-10-24,2009.1,2011.44,2001.98,2007.0,5756760,0.0,23.53484064983627,23.395704745914546,0.13913590392172281,67.5889754351827
2006-10-25,2005.59,2012.78,2002.43,2009.57,5449410,0.0,23.33170559849941,23.38290491643152,-0.05119931793210952,68.27483127001057
2006-10-26,2013.24,2023.77,2009.99,2013.64,6384950,0.0,23.23133818678525,23.35259157050227,-0.12125338371701844,69.37990825610123
2006-10-27,2014.54,2019.88,1999.22,2008.64,7902020,0.0,22.489097756675847,23.179892807736987,-0.6907950510611407,66.32346673243498
2006-10-30,2003.63,2003.63,1989.9,2002.46,7486190,0.0,21.158292886855634,22.77557282356072,-1.617279936705085,62.6497563915424
2006-10-31,2001.96,2009.92,1995.0,2002.4,7836840,0.0,19.86973302717479,22.194404864283534,-2.3246718371087454,62.613494279800385
2006-11-01,2001.9,2014.78,1999.89,2007.17,8197350,0.0,19.014254698055538,21.558374831037938,-2.5441201329823997,64.37869983016094
2006-11-02,2001.98,2005.36,1980.82,1987.31,10470940,0.0,16.543047976402704,20.55530946011089,-4.012261483708187,53.130781367640736
2006-11-03,1989.86,2005.22,1985.92,1995.23,8930430,0.0,15.050187462556323,19.45428506059998,-4.404097598043656,56.40212313856844
2006-11-06,1995.74,2022.61,1995.74,2022.61,7171820,0.0,15.893214838174572,18.7420710161149,-2.848856177940327,65.39452926108288
2006-11-07,2023.82,2038.0,2022.76,2036.43,6812460,0.0,17.47503725681372,18.488664264254666,-1.0136270074409452,68.88323467621042
2006-11-08,2032.46,2039.5,2023.6,2036.9,8151480,0.0,18.552703969345202,18.501472205272773,0.0512317640724298,68.99770367894871
2006-11-09,2035.58,2040.85,2029.6,2036.5,6411850,0.0,19.15369408350125,18.631916580918467,0.5217775025827827,68.76585048121015
2006-11-10,2033.55,2036.21,2024.48,2031.92,5901190,0.0,19.04092344264336,18.713717953263448,0.32720548937991367,66.02989377041774
2006-11-13,2031.5,2047.78,2029.76,2043.07,6662030,0.0,19.625038485359937,18.895982059682748,0.7290564256771894,69.23864425918858
2006-11-14,2043.56,2048.52,2034.26,2042.16,8366870,0.0,19.78643872127327,19.07407339200085,0.7123653292724192,68.66854809870571
2006-11-15,2044.7,2055.26,2044.7,2054.42,6971210,0.0,20.66541111441029,19.39234093648274,1.2730701779275506,72.01206950855602
2006-11-16,2053.86,2058.4,2048.34,2054.86,6416660,0.0,21.15366115331358,19.74460497984891,1.4090561734646698,72.12703134796098
2006-11-17,2053.39,2053.62,2033.02,2039.18,9257990,0.0,20.044299660678917,19.80454391601491,0.23975574466400573,62.305340571216625
2006-11-20,2037.3,2050.52,2024.72,2048.37,8018770,0.0,19.67982214182598,19.779599561177125,-0.09977741935114537,65.28874829958288
2006-11-21,2047.64,2056.14,2045.46,2048.03,7562170,0.0,19.142868847661248,19.65225341847395,-0.5093845708127027,65.08351309293872
2006-11-22,2052.96,2059.2,2042.36,2047.48,7590390,0.0,18.46015194941083,19.413833124661327,-0.9536811752504981,64.72904173096734
2006-11-23,2049.98,2052.59,2035.16,2042.88,3850920,0.0,17.347936123722775,19.00065372447362,-1.6527176007508437,61.70219383241693
2006-11-24,2038.07,2039.22,2014.15,2024.08,10156310,0.0,14.779129580819244,18.156348895742745,-3.377219314923501,51.17054913960318
2006-11-27,2022.52,2026.84,1989.12,1989.12,11929550,0.0,9.80927682406218,16.486934481406635,-6.677657657344454,38.13526237004374
2006-11-28,1988.08,1995.38,1975.97,1987.56,15147660,0.0,5.679286466784561,14.325404878482221,-8.64611841169766,37.67407126244395
2006-11-29,1991.76,2011.94,1991.76,2011.54,9297930,0.0,4.29175229550674,12.318674361887126,-8.026922066380386,48.07036855999006
2006-11-30,2013.73,2018.36,1991.52,1993.62,12093620,0.0,1.7262283459813261,10.200185158705967,-8.47395681272464,42.38110888044738
2006-12-01,1996.52,2005.98,1957.23,1966.04,12688540,0.0,-2.503583618416087,7.659431403281557,-10.163015021697644,35.43085220644436
2006-12-04,1967.9,1982.58,1963.7,1981.46,8253050,0.0,-4.5589225236453785,5.215760617896171,-9.77468314154155,41.23358437160436
2006-12-05,1983.3,2007.28,1980.53,2003.97,11260880,0.0,-4.321607734025747,3.3082869475117875,-7.629894681537534,48.50836582242157
2006-12-06,2003.88,2007.9,1993.58,2001.16,7183380,0.0,-4.310587796471282,1.7845119987151739,-6.095099795186456,47.71430304003766
2006-12-07,1998.54,2019.62,1995.92,2009.34,8856680,0.0,-3.600294822074602,0.7075506345572187,-4.307845456631821,50.266526277758224
2006-12-08,2005.82,2014.07,1990.33,2009.94,10908330,0.0,-2.954905228777079,-0.02494053810964092,-2.9299646906674384,50.45755375223221
2006-12-11,2012.07,2027.87,2012.07,2026.44,9942010,0.0,-1.099344661620762,-0.23982136281186517,-0.8595232988088969,55.51758056051434
2006-12-12,2026.28,2031.1,2022.01,2029.87,13477330,0.0,0.640588485428907,-0.06373939316371074,0.7043278785926177,56.51193297920461
2006-12-13,2031.57,2048.14,2027.32,2047.16,14595720,0.0,3.3757430765886056,0.6241571007867526,2.751585975801853,61.21809261926207
2006-12-14,2050.24,2061.45,2049.99,2059.42,11208630,0.0,6.458206154259642,1.7909669114813305,4.667239242778312,64.17830482417224
2006-12-15,2059.54,2073.69,2059.54,2070.33,10812970,0.0,9.669956928454667,3.366764914875998,6.303192013578669,66.62003945520146
2006-12-18,2070.5,2070.73,2064.82,2065.03,3794550,0.0,11.653294920448616,5.024070915990522,6.629224004458094,64.32613365242645
2006-12-19,2060.5,2060.5,2042.59,2050.24,7569380,0.0,11.894562066079743,6.398169146008366,5.4963929200713775,58.293992657669804
2006-12-20,2054.15,2065.4,2054.15,2059.27,3749340,0.0,12.668380347516177,7.6522113863099275,5.016168961206249,60.716149936198754
2006-12-21,2055.93,2062.64,2052.23,2056.05,3746080,0.0,12.873413128157154,8.696451734679373,4.1769613934777805,59.39156056404803
2006-12-22,2054.93,2054.93,2036.31,2036.75,3783530,0.0,11.347744644292789,9.226710316602057,2.1210343276907313,52.06043060939735
2006-12-27,2039.85,2067.43,2039.85,2067.43,3110030,0.0,12.470508713694926,9.875469996020632,2.595038717674294,60.42350945447453
2006-12-28,2068.72,2071.03,2062.57,2065.33,2822950,0.0,13.040531745691624,10.508482345954832,2.532049399736792,59.65636443735034
2006-12-29,2065.06,2071.0,2059.97,2059.97,2058160,0.0,12.910942591322055,10.988974395028277,1.9219681962937774,57.644675177706844
